<?xml version="1.0" encoding="UTF-8" standalone="yes"?>
<beans xmlns="http://www.springframework.org/schema/beans" xmlns:ns2="http://www.ops4j.org/schema/wicket" xmlns:ns3="http://www.springframework.org/schema/osgi" xmlns:ns4="http://www.springframework.org/schema/tool" xmlns:xsi="http://www.w3.org/2001/XMLSchema-instance" xsi:schemaLocation="http://www.springframework.org/schema/beans http://www.springframework.org/schema/beans/spring-beans-2.5.xsd http://www.springframework.org/schema/osgi http://www.springframework.org/schema/osgi/spring-osgi.xsd http://www.ops4j.org/schema/wicket http://www.ops4j.org/schema/wicket/wicket.xsd ">
    <description>sp2 : SP Configuration generated by Atricore Identity Bus Server on 30 May 2016 23:39:51 GMT </description>
    <bean class="org.atricore.idbus.kernel.main.mediation.provider.ServiceProviderImpl" name="sp2">
        <property name="name">
            <value>sp2</value>
        </property>
        <property name="description">
            <value></value>
        </property>
        <property name="displayName">
            <value>sp2</value>
        </property>
        <property name="resourceType">
            <value>JOSSO1Resource</value>
        </property>
        <property name="role">
            <value>{urn:oasis:names:tc:SAML:2.0:metadata}SPSSODescriptor</value>
        </property>
        <property name="unitContainer">
            <ref bean="josso-tutorial-container"/>
        </property>
        <property name="cotManager">
            <ref bean="josso-tutorial-cot-manager"/>
        </property>
        <property name="stateManager">
            <ref bean="josso-tutorial-state-manager"/>
        </property>
        <property name="defaultFederationService">
            <ref bean="sp2-sso-default-svc"/>
        </property>
        <property name="bindingChannel">
            <ref bean="sp2-res2-josso1-rsrc"/>
        </property>
    </bean>
    <bean class="org.atricore.idbus.capabilities.sso.main.sp.SSOSPMediator" name="sp2-samlr2-mediator">
        <property name="preferredIdpAlias">
            <value>http://demo_josso_1.josso.dev.docker:8081/IDBUS/JOSSO-TUTORIAL/IDP1/SAML2/MD</value>
        </property>
        <property name="preferredIdpSSOBinding">
            <value>urn:oasis:names:tc:SAML:2.0:bindings:HTTP-Artifact</value>
        </property>
        <property name="preferredIdpSLOBinding">
            <value>urn:oasis:names:tc:SAML:2.0:bindings:HTTP-Artifact</value>
        </property>
        <property name="monitoringServer">
            <ref bean="monitoring-server"/>
        </property>
        <property name="metricsPrefix">
            <value>josso-tutorial/sp2</value>
        </property>
        <property name="auditingServer">
            <ref bean="auditing-server"/>
        </property>
        <property name="auditCategory">
            <value>com.contoso.sso.audit.sp2</value>
        </property>
        <property name="spBindingACS">
            <value>http://demo_josso_1.josso.dev.docker:8081/IDBUS/JOSSO-TUTORIAL/TC2/SSO/ACS/ARTIFACT</value>
        </property>
        <property name="spBindingSLO">
            <value>http://demo_josso_1.josso.dev.docker:8081/IDBUS/JOSSO-TUTORIAL/TC2/SSO/SLO/ARTIFACT</value>
        </property>
        <property name="idpSelector">
            <value>http://demo_josso_1.josso.dev.docker:8081/IDBUS/JOSSO-TUTORIAL/SSO/SELECTOR/IDP</value>
        </property>
        <property name="logMessages">
            <value>true</value>
        </property>
        <property name="artifactQueueManager">
            <ref bean="artifactQueueManager"/>
        </property>
        <property name="bindingFactory">
            <bean class="org.atricore.idbus.capabilities.sso.main.binding.SamlR2BindingFactory"/>
        </property>
        <property name="logger">
            <bean class="org.atricore.idbus.kernel.main.mediation.camel.logging.DefaultMediationLogger" name="sp2-mediation-logger">
                <property name="category">
                    <value>com.contoso.sso.wire.sp2</value>
                </property>
                <property name="messageBuilders">
                    <list>
                        <bean class="org.atricore.idbus.capabilities.sso.main.binding.logging.SamlR2LogMessageBuilder"/>
                        <bean class="org.atricore.idbus.capabilities.sso.main.binding.logging.SSOLogMessageBuilder"/>
                        <bean class="org.atricore.idbus.kernel.main.mediation.camel.component.logging.CamelLogMessageBuilder"/>
                        <bean class="org.atricore.idbus.kernel.main.mediation.camel.component.logging.HttpLogMessageBuilder"/>
                    </list>
                </property>
            </bean>
        </property>
        <property name="errorBinding">
            <value>urn:org:atricore:idbus:error:bindings:HTTP-Artifact</value>
        </property>
        <property name="errorUrl">
            <value>http://demo_josso_1.josso.dev.docker:8081/IDBUS-UI/JOSSO-TUTORIAL/SSO/ERROR</value>
        </property>
        <property name="warningUrl">
            <value>http://demo_josso_1.josso.dev.docker:8081/IDBUS-UI/JOSSO-TUTORIAL/SSO/WARN/POLICY-ENFORCEMENT</value>
        </property>
        <property name="verifyUniqueIDs">
            <value>true</value>
        </property>
        <property name="idRegistry">
            <ref bean="josso-tutorial-samlr2-idregistry"/>
        </property>
        <property name="signer">
            <ref bean="sp2-samlr2-signer"/>
        </property>
        <property name="signRequests">
            <value>false</value>
        </property>
        <property name="validateRequestsSignature">
            <value>false</value>
        </property>
        <property name="wantSLOResponseSigned">
            <value>true</value>
        </property>
        <property name="encrypter">
            <ref bean="sp2-samlr2-encrypter"/>
        </property>
    </bean>
    <bean init-method="init" class="org.atricore.idbus.capabilities.sso.support.core.signature.JSR105SamlR2SignerImpl" name="sp2-samlr2-signer">
        <description/>
        <property name="keyResolver">
            <bean class="org.atricore.idbus.capabilities.sso.support.core.SSOKeystoreKeyResolver">
                <property name="keystoreType">
                    <value>JKS</value>
                </property>
                <property name="keystoreFile">
                    <value>classpath:com/contoso/sso/idau/sp2/idp1-keystore.jks</value>
                </property>
                <property name="keystorePass">
                    <value>ATRICORE</value>
                </property>
                <property name="privateKeyAlias">
                    <value>josso-sp1</value>
                </property>
                <property name="privateKeyPass">
                    <value>ATRICORE</value>
                </property>
                <property name="certificateAlias">
                    <value>josso-sp1</value>
                </property>
            </bean>
        </property>
    </bean>
    <bean class="org.atricore.idbus.capabilities.sso.support.core.encryption.XmlSecurityEncrypterImpl" name="sp2-samlr2-encrypter">
        <property name="symmetricKeyAlgorithmURI">
            <value>http://www.w3.org/2001/04/xmlenc#aes128-cbc</value>
        </property>
        <property name="kekAlgorithmURI">
            <value>http://www.w3.org/2001/04/xmlenc#rsa-1_5</value>
        </property>
        <property name="keyResolver">
            <bean class="org.atricore.idbus.capabilities.sso.support.core.SSOKeystoreKeyResolver">
                <property name="keystoreType">
                    <value>JKS</value>
                </property>
                <property name="keystoreFile">
                    <value>classpath:com/contoso/sso/idau/sp2/idp1-keystore.jks</value>
                </property>
                <property name="keystorePass">
                    <value>ATRICORE</value>
                </property>
                <property name="privateKeyAlias">
                    <value>josso-sp1</value>
                </property>
                <property name="privateKeyPass">
                    <value>ATRICORE</value>
                </property>
                <property name="certificateAlias">
                    <value>josso-sp1</value>
                </property>
            </bean>
        </property>
    </bean>
    <bean class="org.atricore.idbus.kernel.main.federation.AccountLinkLifecycleImpl" name="sp2-account-link-lifecycle"/>
    <bean class="org.atricore.idbus.capabilities.sso.management.internal.ServiceProviderMBeanImpl" name="sp2-mbean">
        <property name="serviceProvider">
            <ref bean="sp2"/>
        </property>
    </bean>
    <bean class="org.springframework.jmx.export.MBeanExporter" name="sp2-mbean-exporter">
        <property name="server">
            <ref bean="mBeanServer"/>
        </property>
        <property name="beans">
            <map>
                <entry value-ref="sp2-mbean" key-ref="sp2-mbean-key"/>
            </map>
        </property>
    </bean>
    <bean class="java.lang.String" name="sp2-mbean-key">
        <constructor-arg type="java.lang.String" index="0">
            <value>com.contoso.sso.idau:type=InternalSaml2ServiceProvider,name=josso-tutorial.sp2</value>
        </constructor-arg>
    </bean>
    <bean class="org.atricore.idbus.kernel.main.session.service.SSOSessionManagerImpl" name="sp2-session-manager">
        <property name="maxInactiveInterval">
            <value>30</value>
        </property>
        <property name="maxSessionsPerUser">
            <value>-1</value>
        </property>
        <property name="invalidateExceedingSessions">
            <value>false</value>
        </property>
        <property name="sessionMonitorInterval">
            <value>10000</value>
        </property>
        <property name="auditingServer">
            <ref bean="auditing-server"/>
        </property>
        <property name="auditCategory">
            <value>com.contoso.sso.audit.sp2</value>
        </property>
        <property name="sessionIdGenerator">
            <bean class="org.atricore.idbus.kernel.main.session.service.SessionIdGeneratorImpl">
                <property name="algorithm">
                    <value>MD5</value>
                </property>
            </bean>
        </property>
        <property name="sessionStore">
            <bean init-method="init" class="org.atricore.idbus.idojos.ehcachesessionstore.EHCacheSessionStore">
                <property name="cacheManager">
                    <ref bean="josso-tutorial-cache-manager"/>
                </property>
                <property name="cacheName">
                    <value>josso-tutorial-sp2-sessionsCache</value>
                </property>
                <property name="listeners">
                    <list>
                        <ref bean="sp2-session-manager-monitor"/>
                        <ref bean="sp2-session-manager-stats"/>
                    </list>
                </property>
            </bean>
        </property>
        <property name="stats">
            <ref bean="sp2-session-manager-stats"/>
        </property>
        <property name="monitor">
            <ref bean="sp2-session-manager-monitor"/>
        </property>
    </bean>
    <bean class="org.atricore.idbus.idojos.ehcachesessionstore.EHCacheSessionMonitor" name="sp2-session-manager-monitor">
        <property name="cacheName">
            <value>josso-tutorial-sp2-sessionsCache</value>
        </property>
        <property name="manager">
            <ref bean="sp2-session-manager"/>
        </property>
    </bean>
    <bean class="org.atricore.idbus.idojos.ehcachesessionstore.EHCacheSessionStatistics" name="sp2-session-manager-stats">
        <property name="cacheName">
            <value>josso-tutorial-sp2-sessionsCache</value>
        </property>
        <property name="metricsPrefix">
            <value>josso-tutorial/sp2</value>
        </property>
        <property name="monitoringServer">
            <ref bean="monitoring-server"/>
        </property>
    </bean>
    <bean class="org.atricore.idbus.kernel.main.mediation.provider.FederationServiceImpl" name="sp2-sso-default-svc">
        <property name="serviceType">
            <value>urn:oasis:names:tc:SAML:2.0</value>
        </property>
        <property name="name">
            <value>sp2-sso-default-svc</value>
        </property>
        <property name="channel">
            <ref bean="sp2-sso-default-idp-channel"/>
        </property>
    </bean>
    <bean class="org.atricore.idbus.kernel.main.federation.metadata.ResourceCircleOfTrustMemberDescriptorImpl" name="sp2-md">
        <property name="id">
            <value>D49Sv3S0x66OeAMXkPARN5ZkQ1g=</value>
        </property>
        <property name="alias">
            <value>http://demo_josso_1.josso.dev.docker:8081/IDBUS/JOSSO-TUTORIAL/SP2/SAML2/MD</value>
        </property>
        <property name="resource">
            <value>classpath:com/contoso/sso/idau/sp2/sp2-samlr2-metadata.xml</value>
        </property>
        <property name="metadataIntrospector">
            <bean class="org.atricore.idbus.capabilities.sso.main.SamlR2MetadataDefinitionIntrospector"/>
        </property>
    </bean>
    <bean class="org.atricore.idbus.kernel.main.mediation.channel.IdPChannelImpl" name="sp2-sso-default-idp-channel">
        <property name="name">
            <value>sp2-sso-default-idp-channel</value>
        </property>
        <property name="description">
            <value>sp2</value>
        </property>
        <property name="location">
            <value>http://demo_josso_1.josso.dev.docker:8081/IDBUS/JOSSO-TUTORIAL/SP2</value>
        </property>
        <property name="federatedProvider">
            <ref bean="sp2"/>
        </property>
        <property name="trustedProviders">
            <set>
                <ref bean="idp1"/>
            </set>
        </property>
        <property name="sessionManager">
            <ref bean="sp2-session-manager"/>
        </property>
        <property name="member">
            <ref bean="sp2-md"/>
        </property>
        <property name="identityMediator">
            <ref bean="sp2-samlr2-mediator"/>
        </property>
        <property name="accountLinkLifecycle">
            <ref bean="sp2-account-link-lifecycle"/>
        </property>
        <property name="accountLinkEmitter">
            <ref bean="sp2-account-link-emitter"/>
        </property>
        <property name="identityMapper">
            <ref bean="sp2-identity-mapper"/>
        </property>
        <property name="endpoints">
            <list>
                <bean class="org.atricore.idbus.kernel.main.mediation.endpoint.IdentityMediationEndpointImpl" name="sp2-sso-default-idp-channel-saml2-slo-http-post">
                    <property name="name">
                        <value>sp2-sso-default-idp-channel-saml2-slo-http-post</value>
                    </property>
                    <property name="type">
                        <value>{urn:oasis:names:tc:SAML:2.0:metadata}SingleLogoutService</value>
                    </property>
                    <property name="binding">
                        <value>urn:oasis:names:tc:SAML:2.0:bindings:HTTP-POST</value>
                    </property>
                    <property name="identityPlans">
                        <list>
                            <ref bean="sp2-sso-default-idp-channel-spsso-samlr2sloreq-to-samlr2resp-plan"/>
                        </list>
                    </property>
                </bean>
                <bean class="org.atricore.idbus.kernel.main.mediation.endpoint.IdentityMediationEndpointImpl" name="sp2-sso-default-idp-channel-saml2-slo-soap">
                    <property name="name">
                        <value>sp2-sso-default-idp-channel-saml2-slo-soap</value>
                    </property>
                    <property name="type">
                        <value>{urn:oasis:names:tc:SAML:2.0:metadata}SingleLogoutService</value>
                    </property>
                    <property name="binding">
                        <value>urn:oasis:names:tc:SAML:2.0:bindings:SOAP</value>
                    </property>
                    <property name="identityPlans">
                        <list>
                            <ref bean="sp2-sso-default-idp-channel-spsso-samlr2sloreq-to-samlr2resp-plan"/>
                        </list>
                    </property>
                </bean>
                <bean class="org.atricore.idbus.kernel.main.mediation.endpoint.IdentityMediationEndpointImpl" name="sp2-sso-default-idp-channel-saml2-slo-local">
                    <property name="name">
                        <value>sp2-sso-default-idp-channel-saml2-slo-local</value>
                    </property>
                    <property name="type">
                        <value>{urn:oasis:names:tc:SAML:2.0:metadata}SingleLogoutService</value>
                    </property>
                    <property name="binding">
                        <value>urn:oasis:names:tc:SAML:2.0:bindings:LOCAL</value>
                    </property>
                    <property name="location">
                        <value>local://JOSSO-TUTORIAL/SP2/SAML2/SLO/LOCAL</value>
                    </property>
                    <property name="identityPlans">
                        <list>
                            <ref bean="sp2-sso-default-idp-channel-spsso-samlr2sloreq-to-samlr2resp-plan"/>
                        </list>
                    </property>
                </bean>
                <bean class="org.atricore.idbus.kernel.main.mediation.endpoint.IdentityMediationEndpointImpl" name="sp2-sso-default-idp-channel-saml2-ac-http-post">
                    <property name="name">
                        <value>sp2-sso-default-idp-channel-saml2-ac-http-post</value>
                    </property>
                    <property name="type">
                        <value>{urn:oasis:names:tc:SAML:2.0:metadata}AssertionConsumerService</value>
                    </property>
                    <property name="binding">
                        <value>urn:oasis:names:tc:SAML:2.0:bindings:HTTP-POST</value>
                    </property>
                    <property name="identityPlans">
                        <list>
                            <ref bean="sp2-sso-default-idp-channel-idpunsolicitedresponse-to-subject-plan"/>
                            <ref bean="sp2-sso-default-idp-channel-samlr2authnresp-to-ssospauthnresp-plan"/>
                        </list>
                    </property>
                </bean>
                <bean class="org.atricore.idbus.kernel.main.mediation.endpoint.IdentityMediationEndpointImpl" name="sp2-sso-default-idp-channel-saml2-ar-soap">
                    <property name="name">
                        <value>sp2-sso-default-idp-channel-saml2-ar-soap</value>
                    </property>
                    <property name="type">
                        <value>{urn:oasis:names:tc:SAML:2.0:metadata}ArtifactResolutionService</value>
                    </property>
                    <property name="binding">
                        <value>urn:oasis:names:tc:SAML:2.0:bindings:SOAP</value>
                    </property>
                    <property name="identityPlans">
                        <list>
                            <ref bean="sp2-sso-default-idp-channel-samlr2artresolve-to-samlr2artresponse-plan"/>
                            <ref bean="sp2-sso-default-idp-channel-samlr2art-to-samlr2artresolve-plan"/>
                        </list>
                    </property>
                </bean>
                <bean class="org.atricore.idbus.kernel.main.mediation.endpoint.IdentityMediationEndpointImpl" name="sp2-sso-default-idp-channel-saml2-ar-local">
                    <property name="name">
                        <value>sp2-sso-default-idp-channel-saml2-ar-local</value>
                    </property>
                    <property name="type">
                        <value>{urn:oasis:names:tc:SAML:2.0:metadata}ArtifactResolutionService</value>
                    </property>
                    <property name="binding">
                        <value>urn:oasis:names:tc:SAML:2.0:bindings:LOCAL</value>
                    </property>
                    <property name="identityPlans">
                        <list>
                            <ref bean="sp2-sso-default-idp-channel-samlr2artresolve-to-samlr2artresponse-plan"/>
                            <ref bean="sp2-sso-default-idp-channel-samlr2art-to-samlr2artresolve-plan"/>
                        </list>
                    </property>
                </bean>
                <bean class="org.atricore.idbus.kernel.main.mediation.endpoint.IdentityMediationEndpointImpl" name="sp2-sso-default-idp-channel-sso-cc-local">
                    <property name="name">
                        <value>sp2-sso-default-idp-channel-sso-cc-local</value>
                    </property>
                    <property name="type">
                        <value>{urn:org:atricore:idbus:sso:metadata}CredentialsCallbackService</value>
                    </property>
                    <property name="binding">
                        <value>urn:org:atricore:idbus:sso:bindings:LOCAL</value>
                    </property>
                    <property name="location">
                        <value>local://JOSSO-TUTORIAL/SP2/CCBACK/LOCAL</value>
                    </property>
                </bean>
                <bean class="org.atricore.idbus.kernel.main.mediation.endpoint.IdentityMediationEndpointImpl" name="sp2-sso-default-idp-channel-sso-idpselcback-art">
                    <property name="name">
                        <value>sp2-sso-default-idp-channel-sso-idpselcback-art</value>
                    </property>
                    <property name="type">
                        <value>{urn:org:atricore:idbus:sso:metadata}IdPSelectorCallbackService</value>
                    </property>
                    <property name="binding">
                        <value>urn:org:atricore:idbus:sso:bindings:HTTP-Artifact</value>
                    </property>
                    <property name="location">
                        <value>/IDPSELCBACK/ARTIFACT</value>
                    </property>
                </bean>
            </list>
        </property>
    </bean>
    <bean class="org.atricore.idbus.capabilities.sso.support.federation.OneToOneAccountLinkEmitter" name="sp2-account-link-emitter"/>
    <bean class="org.atricore.idbus.capabilities.sso.support.federation.RemoteSubjectIdentityMapper" name="sp2-identity-mapper">
        <property name="useLocalId">
            <value>false</value>
        </property>
    </bean>
    <bean class="org.atricore.idbus.capabilities.sso.main.sp.plans.SamlR2SloRequestToSamlR2RespPlan" name="sp2-sso-default-idp-channel-spsso-samlr2sloreq-to-samlr2resp-plan">
        <property name="bpmsManager">
            <ref bean="bpms-manager"/>
        </property>
    </bean>
    <bean class="org.atricore.idbus.capabilities.sso.main.sp.plans.SPInitiatedAuthnReqToSamlR2AuthnReqPlan" name="sp2-sso-default-idp-channel-idpunsolicitedresponse-to-subject-plan">
        <property name="bpmsManager">
            <ref bean="bpms-manager"/>
        </property>
    </bean>
    <bean class="org.atricore.idbus.capabilities.sso.main.sp.plans.SamlR2AuthnResponseToSPAuthnResponse" name="sp2-sso-default-idp-channel-samlr2authnresp-to-ssospauthnresp-plan">
        <property name="bpmsManager">
            <ref bean="bpms-manager"/>
        </property>
    </bean>
    <bean class="org.atricore.idbus.capabilities.sso.main.binding.plans.SamlR2ArtifactResolveToSamlR2ArtifactResponsePlan" name="sp2-sso-default-idp-channel-samlr2artresolve-to-samlr2artresponse-plan">
        <property name="bpmsManager">
            <ref bean="bpms-manager"/>
        </property>
    </bean>
    <bean class="org.atricore.idbus.capabilities.sso.main.binding.plans.SamlR2ArtifactToSamlR2ArtifactResolvePlan" name="sp2-sso-default-idp-channel-samlr2art-to-samlr2artresolve-plan">
        <property name="bpmsManager">
            <ref bean="bpms-manager"/>
        </property>
    </bean>
    <bean class="org.atricore.idbus.kernel.main.mediation.binding.BindingChannelImpl" name="sp2-res2-josso1-rsrc">
        <property name="name">
            <value>sp2-res2-josso1-rsrc</value>
        </property>
        <property name="description">
            <value>JOSSO 1 Resource binding channel for sp2 :  res2[appId:sp2]</value>
        </property>
        <property name="unitContainer">
            <ref bean="josso-tutorial-container"/>
        </property>
        <property name="federatedProvider">
            <ref bean="sp2"/>
        </property>
        <property name="location">
            <value>http://demo_josso_1.josso.dev.docker:8081/IDBUS/JOSSO-TUTORIAL/SP2</value>
        </property>
        <property name="identityMediator">
            <ref bean="sp2-samlr2-mediator"/>
        </property>
        <property name="endpoints">
            <list>
                <bean class="org.atricore.idbus.kernel.main.mediation.endpoint.IdentityMediationEndpointImpl" name="sp2-sso-sso-http-redirect">
                    <property name="name">
                        <value>sp2-sso-sso-http-redirect</value>
                    </property>
                    <property name="type">
                        <value>{urn:org:atricore:idbus:sso:metadata}SPInitiatedSingleSignOnService</value>
                    </property>
                    <property name="binding">
                        <value>urn:org:atricore:idbus:sso:bindings:HTTP-Redirect</value>
                    </property>
                    <property name="location">
                        <value>/SSO/SSO/REDIR</value>
                    </property>
                    <property name="identityPlans">
                        <list>
                            <ref bean="sp2-spinitiatedauthnreq-to-samlr2autnreq-plan"/>
                        </list>
                    </property>
                </bean>
                <bean class="org.atricore.idbus.kernel.main.mediation.endpoint.IdentityMediationEndpointImpl" name="sp2-sso-sso-http-artifact">
                    <property name="name">
                        <value>sp2-sso-sso-http-artifact</value>
                    </property>
                    <property name="type">
                        <value>{urn:org:atricore:idbus:sso:metadata}SPInitiatedSingleSignOnService</value>
                    </property>
                    <property name="binding">
                        <value>urn:org:atricore:idbus:sso:bindings:HTTP-Artifact</value>
                    </property>
                    <property name="location">
                        <value>/SSO/SSO/ARTIFACT</value>
                    </property>
                    <property name="identityPlans">
                        <list>
                            <ref bean="sp2-spinitiatedauthnreq-to-samlr2autnreq-plan"/>
                        </list>
                    </property>
                </bean>
                <bean class="org.atricore.idbus.kernel.main.mediation.endpoint.IdentityMediationEndpointImpl" name="sp2-sso-slo-http-redirect">
                    <property name="name">
                        <value>sp2-sso-slo-http-redirect</value>
                    </property>
                    <property name="type">
                        <value>{urn:org:atricore:idbus:sso:metadata}SPInitiatedSingleLogoutService</value>
                    </property>
                    <property name="binding">
                        <value>urn:org:atricore:idbus:sso:bindings:HTTP-Redirect</value>
                    </property>
                    <property name="location">
                        <value>/SSO/SLO/REDIR</value>
                    </property>
                    <property name="identityPlans">
                        <list>
                            <ref bean="sp2-spinitiatedsloreq-to-samlr2sloreq-plan"/>
                        </list>
                    </property>
                </bean>
                <bean class="org.atricore.idbus.kernel.main.mediation.endpoint.IdentityMediationEndpointImpl" name="sp2-sso-slo-http-artifact">
                    <property name="name">
                        <value>sp2-sso-slo-http-artifact</value>
                    </property>
                    <property name="type">
                        <value>{urn:org:atricore:idbus:sso:metadata}SPInitiatedSingleLogoutService</value>
                    </property>
                    <property name="binding">
                        <value>urn:org:atricore:idbus:sso:bindings:HTTP-Artifact</value>
                    </property>
                    <property name="location">
                        <value>/SSO/SLO/ARTIFACT</value>
                    </property>
                    <property name="identityPlans">
                        <list>
                            <ref bean="sp2-spinitiatedsloreq-to-samlr2sloreq-plan"/>
                        </list>
                    </property>
                </bean>
                <bean class="org.atricore.idbus.kernel.main.mediation.endpoint.IdentityMediationEndpointImpl" name="sp2-sso-aisauth-soap">
                    <property name="name">
                        <value>sp2-sso-aisauth-soap</value>
                    </property>
                    <property name="type">
                        <value>{urn:org:atricore:idbus:sso:metadata}AssertIdentityWithSimpleAuthenticationService</value>
                    </property>
                    <property name="binding">
                        <value>urn:org:atricore:idbus:sso:bindings:SOAP</value>
                    </property>
                    <property name="location">
                        <value>/SSO/IAAUTHN/SOAP</value>
                    </property>
                    <property name="identityPlans">
                        <list>
                            <ref bean="sp2-spinitiatedsloreq-to-samlr2sloreq-plan"/>
                            <ref bean="sp2-spsessionheartbeatreq-to-samlr2autnreq-plan"/>
                        </list>
                    </property>
                </bean>
                <bean class="org.atricore.idbus.kernel.main.mediation.endpoint.IdentityMediationEndpointImpl" name="sp2-sso-aisauth-local">
                    <property name="name">
                        <value>sp2-sso-aisauth-local</value>
                    </property>
                    <property name="type">
                        <value>{urn:org:atricore:idbus:sso:metadata}AssertIdentityWithSimpleAuthenticationService</value>
                    </property>
                    <property name="binding">
                        <value>urn:org:atricore:idbus:sso:bindings:LOCAL</value>
                    </property>
                    <property name="location">
                        <value>local://JOSSO-TUTORIAL/SP2/SSO/IAAUTHN/LOCAL</value>
                    </property>
                    <property name="identityPlans">
                        <list>
                            <ref bean="sp2-spinitiatedsloreq-to-samlr2sloreq-plan"/>
                            <ref bean="sp2-spsessionheartbeatreq-to-samlr2autnreq-plan"/>
                        </list>
                    </property>
                </bean>
                <bean class="org.atricore.idbus.kernel.main.mediation.endpoint.IdentityMediationEndpointImpl" name="sp2-sso-shb-soap">
                    <property name="name">
                        <value>sp2-sso-shb-soap</value>
                    </property>
                    <property name="type">
                        <value>{urn:org:atricore:idbus:sso:metadata}SPSessionHeartBeatService</value>
                    </property>
                    <property name="binding">
                        <value>urn:org:atricore:idbus:sso:bindings:SOAP</value>
                    </property>
                    <property name="location">
                        <value>/SSO/SSHB/SOAP</value>
                    </property>
                </bean>
                <bean class="org.atricore.idbus.kernel.main.mediation.endpoint.IdentityMediationEndpointImpl" name="sp2-sso-shb-local">
                    <property name="name">
                        <value>sp2-sso-shb-local</value>
                    </property>
                    <property name="type">
                        <value>{urn:org:atricore:idbus:sso:metadata}SPSessionHeartBeatService</value>
                    </property>
                    <property name="binding">
                        <value>urn:org:atricore:idbus:sso:bindings:LOCAL</value>
                    </property>
                    <property name="location">
                        <value>local://JOSSO-TUTORIAL/SP2/SSO/SSHB/LOCAL</value>
                    </property>
                </bean>
            </list>
        </property>
    </bean>
    <bean class="org.atricore.idbus.capabilities.sso.main.sp.plans.SPInitiatedAuthnReqToSamlR2AuthnReqPlan" name="sp2-spinitiatedauthnreq-to-samlr2autnreq-plan">
        <property name="bpmsManager">
            <ref bean="bpms-manager"/>
        </property>
    </bean>
    <bean class="org.atricore.idbus.capabilities.sso.main.sp.plans.SPInitiatedLogoutReqToSamlR2LogoutReqPlan" name="sp2-spinitiatedsloreq-to-samlr2sloreq-plan">
        <property name="bpmsManager">
            <ref bean="bpms-manager"/>
        </property>
    </bean>
    <bean class="org.atricore.idbus.capabilities.sso.main.sp.plans.SPSessionHeartBeatReqToSamlR2AuthnReqPlan" name="sp2-spsessionheartbeatreq-to-samlr2autnreq-plan">
        <property name="bpmsManager">
            <ref bean="bpms-manager"/>
        </property>
    </bean>
</beans>
