<?xml version="1.0" encoding="UTF-8" standalone="yes"?>
<beans xmlns="http://www.springframework.org/schema/beans" xmlns:ns2="http://www.ops4j.org/schema/wicket" xmlns:ns3="http://www.springframework.org/schema/osgi" xmlns:ns4="http://www.springframework.org/schema/tool" xmlns:xsi="http://www.w3.org/2001/XMLSchema-instance" xsi:schemaLocation="http://www.springframework.org/schema/beans http://www.springframework.org/schema/beans/spring-beans-2.5.xsd http://www.springframework.org/schema/osgi http://www.springframework.org/schema/osgi/spring-osgi.xsd http://www.ops4j.org/schema/wicket http://www.ops4j.org/schema/wicket/wicket.xsd ">
    <description>josso-tutorial UI : IdAU Configuration generated by Atricore Console on 25 May 2016 21:09:21 GMT</description>
    <ns2:application injectionSource="spring" mountPoint="IDBUS-UI/JOSSO-TUTORIAL/SSO" applicationName="josso-tutorial-sso-ui" class="org.atricore.idbus.capabilities.sso.ui.internal.SSOUIApplication" id="josso-tutorial-sso-ui"/>
    <bean class="org.atricore.idbus.capabilities.sso.ui.WebAppConfig" name="josso-tutorial-sso-ui-cfg">
        <property name="appName">
            <value>josso-tutorial-sso-ui</value>
        </property>
        <property name="unitName">
            <value>josso-tutorial-mediation-unit</value>
        </property>
        <property name="mountPoint">
            <value>IDBUS-UI/JOSSO-TUTORIAL/SSO</value>
        </property>
        <property name="brandingId">
            <value>josso2-default-branding</value>
        </property>
    </bean>
    <ns3:service ref="josso-tutorial-sso-ui-cfg" interface="org.atricore.idbus.capabilities.sso.ui.WebAppConfig" id="josso-tutorial-sso-ui-cfg-osgi"/>
    <ns2:application injectionSource="spring" mountPoint="IDBUS-UI/JOSSO-TUTORIAL/OPENID" applicationName="josso-tutorial-openid-ui" class="org.atricore.idbus.capabilities.openid.ui.internal.OpenIDIdPApplication" id="josso-tutorial-openid-ui"/>
    <bean class="org.atricore.idbus.capabilities.sso.ui.WebAppConfig" name="josso-tutorial-openid-ui-cfg">
        <property name="appName">
            <value>josso-tutorial-openid-ui</value>
        </property>
        <property name="mountPoint">
            <value>IDBUS-UI/JOSSO-TUTORIAL/OPENID</value>
        </property>
        <property name="brandingId">
            <value>josso2-default-branding</value>
        </property>
    </bean>
    <ns3:service ref="josso-tutorial-openid-ui-cfg" interface="org.atricore.idbus.capabilities.sso.ui.WebAppConfig" id="josso-tutorial-openid-ui-cfg-osgi"/>
</beans>
