<?xml version="1.0" encoding="UTF-8" standalone="yes"?>
<beans xmlns="http://www.springframework.org/schema/beans" xmlns:ns2="http://www.ops4j.org/schema/wicket" xmlns:ns3="http://www.springframework.org/schema/osgi" xmlns:ns4="http://www.springframework.org/schema/tool" xmlns:xsi="http://www.w3.org/2001/XMLSchema-instance" xsi:schemaLocation="http://www.springframework.org/schema/beans http://www.springframework.org/schema/beans/spring-beans-2.5.xsd http://www.springframework.org/schema/osgi http://www.springframework.org/schema/osgi/spring-osgi.xsd http://www.ops4j.org/schema/wicket http://www.ops4j.org/schema/wicket/wicket.xsd ">
    <description>josso-tutorial : IdAU OSGi Configuration generated by Atricore Console on 30 May 2016 23:39:51 GMT</description>
    <ns3:reference interface="org.atricore.idbus.kernel.main.util.ConfigurationContext" id="idbus-config"/>
    <ns3:service ref="josso-tutorial-mediation-unit" interface="org.atricore.idbus.kernel.main.mediation.osgi.OsgiIdentityMediationUnit" id="josso-tutorial-mediation-unit-exporter"/>
    <ns3:reference timeout="60" cardinality="1..1" interface="org.apache.cxf.Bus" id="cxf"/>
    <ns3:reference timeout="60" cardinality="1..1" interface="org.atricore.idbus.kernel.common.support.jdbc.JDBCDriverManager" id="jdbc-manager"/>
    <ns3:reference timeout="60" cardinality="1..1" interface="org.atricore.idbus.kernel.planning.jbpm.BPMSManager" id="bpms-manager"/>
    <ns3:reference timeout="60" cardinality="1..1" interface="org.atricore.idbus.kernel.main.mediation.MessageQueueManager" id="artifactQueueManager"/>
    <ns3:reference timeout="60" cardinality="1..1" interface="org.atricore.idbus.kernel.main.mediation.IdentityMediationUnitRegistry" id="idsuRegistry"/>
    <ns3:reference timeout="60" cardinality="1..1" interface="org.atricore.idbus.bundles.ehcache.CacheManagerFactory" id="cache-manager-factory"/>
    <ns3:reference timeout="60" cardinality="1..1" interface="org.atricore.idbus.capabilities.sso.main.select.spi.SelectionStrategiesRegistry" id="entity-selection-strategies-registry"/>
    <ns3:reference timeout="60" cardinality="1..1" interface="org.atricore.idbus.kernel.monitoring.core.MonitoringServer" id="monitoring-server"/>
    <ns3:reference timeout="60" cardinality="1..1" interface="org.atricore.idbus.kernel.auditing.core.AuditingServer" id="auditing-server"/>
    <ns3:reference timeout="60" cardinality="1..1" interface="org.atricore.idbus.capabilities.sso.component.container.IdentityFlowContainer" id="identity-flow-container"/>
    <ns3:service ref="josso-tutorial-idp1-claim-endpoint-selection" interface="org.atricore.idbus.capabilities.sso.component.container.IdentityFlowComponent" id="josso-tutorial-idp1-claim-endpoint-selection-exporter"/>
    <ns3:service ref="josso-tutorial-idp1-identity-confirmation-endpoint-selection" interface="org.atricore.idbus.capabilities.sso.component.container.IdentityFlowComponent" id="josso-tutorial-idp1-identity-confirmation-endpoint-selection-exporter"/>
</beans>
